,genre,track_name,preview_url,location,filename,artist,artist_uri
0,rap rock,Incomplete,https://p.scdn.co/mp3-preview/fe16b1f1d308b4f39bc283b99a990ae7e745d2dd?cid=b82fb22d072d4120850c99225ff01644,./scrapes/rap rock/Incomplete.mp3,Incomplete.mp3,Thousand Foot Krutch,spotify:artist:6GfiCQDFYANz5wUkSmb3Dr
1,rap metal,Incomplete,https://p.scdn.co/mp3-preview/fe16b1f1d308b4f39bc283b99a990ae7e745d2dd?cid=b82fb22d072d4120850c99225ff01644,./scrapes/rap metal/Incomplete.mp3,Incomplete.mp3,Thousand Foot Krutch,spotify:artist:6GfiCQDFYANz5wUkSmb3Dr
2,nu metal,Incomplete,https://p.scdn.co/mp3-preview/fe16b1f1d308b4f39bc283b99a990ae7e745d2dd?cid=b82fb22d072d4120850c99225ff01644,./scrapes/nu metal/Incomplete.mp3,Incomplete.mp3,Thousand Foot Krutch,spotify:artist:6GfiCQDFYANz5wUkSmb3Dr
3,christian rock,Incomplete,https://p.scdn.co/mp3-preview/fe16b1f1d308b4f39bc283b99a990ae7e745d2dd?cid=b82fb22d072d4120850c99225ff01644,./scrapes/christian rock/Incomplete.mp3,Incomplete.mp3,Thousand Foot Krutch,spotify:artist:6GfiCQDFYANz5wUkSmb3Dr
4,christian alternative rock,Incomplete,https://p.scdn.co/mp3-preview/fe16b1f1d308b4f39bc283b99a990ae7e745d2dd?cid=b82fb22d072d4120850c99225ff01644,./scrapes/christian alternative rock/Incomplete.mp3,Incomplete.mp3,Thousand Foot Krutch,spotify:artist:6GfiCQDFYANz5wUkSmb3Dr
5,canadian rock,Incomplete,https://p.scdn.co/mp3-preview/fe16b1f1d308b4f39bc283b99a990ae7e745d2dd?cid=b82fb22d072d4120850c99225ff01644,./scrapes/canadian rock/Incomplete.mp3,Incomplete.mp3,Thousand Foot Krutch,spotify:artist:6GfiCQDFYANz5wUkSmb3Dr
6,canadian metal,Incomplete,https://p.scdn.co/mp3-preview/fe16b1f1d308b4f39bc283b99a990ae7e745d2dd?cid=b82fb22d072d4120850c99225ff01644,./scrapes/canadian metal/Incomplete.mp3,Incomplete.mp3,Thousand Foot Krutch,spotify:artist:6GfiCQDFYANz5wUkSmb3Dr
7,canadian ccm,Incomplete,https://p.scdn.co/mp3-preview/fe16b1f1d308b4f39bc283b99a990ae7e745d2dd?cid=b82fb22d072d4120850c99225ff01644,./scrapes/canadian ccm/Incomplete.mp3,Incomplete.mp3,Thousand Foot Krutch,spotify:artist:6GfiCQDFYANz5wUkSmb3Dr
8,alternative metal,Incomplete,https://p.scdn.co/mp3-preview/fe16b1f1d308b4f39bc283b99a990ae7e745d2dd?cid=b82fb22d072d4120850c99225ff01644,./scrapes/alternative metal/Incomplete.mp3,Incomplete.mp3,Thousand Foot Krutch,spotify:artist:6GfiCQDFYANz5wUkSmb3Dr
9,christian hard rock,Fight Alive,https://p.scdn.co/mp3-preview/a61619721feffa96c52fa20d4edc1907099c1ecb?cid=b82fb22d072d4120850c99225ff01644,./scrapes/christian hard rock/Fight Alive.mp3,Fight Alive.mp3,Our Hearts Hero,spotify:artist:4Q4tXypOL7ZN1MP6CqJyXc
10,rap rock,No Plan B,https://p.scdn.co/mp3-preview/b89eacc77203545ce8069bd71705464ff2589c84?cid=b82fb22d072d4120850c99225ff01644,./scrapes/rap rock/No Plan B.mp3,No Plan B.mp3,Manafest,spotify:artist:4uOFEWy9mIcvQbr03IbPcL
11,post-screamo,No Plan B,https://p.scdn.co/mp3-preview/b89eacc77203545ce8069bd71705464ff2589c84?cid=b82fb22d072d4120850c99225ff01644,./scrapes/post-screamo/No Plan B.mp3,No Plan B.mp3,Manafest,spotify:artist:4uOFEWy9mIcvQbr03IbPcL
12,christian rock,No Plan B,https://p.scdn.co/mp3-preview/b89eacc77203545ce8069bd71705464ff2589c84?cid=b82fb22d072d4120850c99225ff01644,./scrapes/christian rock/No Plan B.mp3,No Plan B.mp3,Manafest,spotify:artist:4uOFEWy9mIcvQbr03IbPcL
13,christian music,No Plan B,https://p.scdn.co/mp3-preview/b89eacc77203545ce8069bd71705464ff2589c84?cid=b82fb22d072d4120850c99225ff01644,./scrapes/christian music/No Plan B.mp3,No Plan B.mp3,Manafest,spotify:artist:4uOFEWy9mIcvQbr03IbPcL
14,christian hip hop,No Plan B,https://p.scdn.co/mp3-preview/b89eacc77203545ce8069bd71705464ff2589c84?cid=b82fb22d072d4120850c99225ff01644,./scrapes/christian hip hop/No Plan B.mp3,No Plan B.mp3,Manafest,spotify:artist:4uOFEWy9mIcvQbr03IbPcL
15,christian alternative rock,No Plan B,https://p.scdn.co/mp3-preview/b89eacc77203545ce8069bd71705464ff2589c84?cid=b82fb22d072d4120850c99225ff01644,./scrapes/christian alternative rock/No Plan B.mp3,No Plan B.mp3,Manafest,spotify:artist:4uOFEWy9mIcvQbr03IbPcL
16,christian pop,Bring Me Down,https://p.scdn.co/mp3-preview/e56a9b609ae0ef0278eb053f8b569c1cbe989ea1?cid=b82fb22d072d4120850c99225ff01644,./scrapes/christian pop/Bring Me Down.mp3,Bring Me Down.mp3,Matthew Parker,spotify:artist:0QT3cPPXMGYtTG3kN8Ez54
17,christian hip hop,Bring Me Down,https://p.scdn.co/mp3-preview/e56a9b609ae0ef0278eb053f8b569c1cbe989ea1?cid=b82fb22d072d4120850c99225ff01644,./scrapes/christian hip hop/Bring Me Down.mp3,Bring Me Down.mp3,Matthew Parker,spotify:artist:0QT3cPPXMGYtTG3kN8Ez54
18,christian dance,Bring Me Down,https://p.scdn.co/mp3-preview/e56a9b609ae0ef0278eb053f8b569c1cbe989ea1?cid=b82fb22d072d4120850c99225ff01644,./scrapes/christian dance/Bring Me Down.mp3,Bring Me Down.mp3,Matthew Parker,spotify:artist:0QT3cPPXMGYtTG3kN8Ez54
19,cedm,Bring Me Down,https://p.scdn.co/mp3-preview/e56a9b609ae0ef0278eb053f8b569c1cbe989ea1?cid=b82fb22d072d4120850c99225ff01644,./scrapes/cedm/Bring Me Down.mp3,Bring Me Down.mp3,Matthew Parker,spotify:artist:0QT3cPPXMGYtTG3kN8Ez54
20,ccm,Bring Me Down,https://p.scdn.co/mp3-preview/e56a9b609ae0ef0278eb053f8b569c1cbe989ea1?cid=b82fb22d072d4120850c99225ff01644,./scrapes/ccm/Bring Me Down.mp3,Bring Me Down.mp3,Matthew Parker,spotify:artist:0QT3cPPXMGYtTG3kN8Ez54
21,christian rock,I Want to Live,https://p.scdn.co/mp3-preview/d29945272a810bcc0028bb1ed6ffeb26c6166959?cid=b82fb22d072d4120850c99225ff01644,./scrapes/christian rock/I Want to Live.mp3,I Want to Live.mp3,Skillet,spotify:artist:49bzE5vRBRIota4qeHtQM8
22,christian music,I Want to Live,https://p.scdn.co/mp3-preview/d29945272a810bcc0028bb1ed6ffeb26c6166959?cid=b82fb22d072d4120850c99225ff01644,./scrapes/christian music/I Want to Live.mp3,I Want to Live.mp3,Skillet,spotify:artist:49bzE5vRBRIota4qeHtQM8
23,christian alternative rock,I Want to Live,https://p.scdn.co/mp3-preview/d29945272a810bcc0028bb1ed6ffeb26c6166959?cid=b82fb22d072d4120850c99225ff01644,./scrapes/christian alternative rock/I Want to Live.mp3,I Want to Live.mp3,Skillet,spotify:artist:49bzE5vRBRIota4qeHtQM8
24,alternative metal,I Want to Live,https://p.scdn.co/mp3-preview/d29945272a810bcc0028bb1ed6ffeb26c6166959?cid=b82fb22d072d4120850c99225ff01644,./scrapes/alternative metal/I Want to Live.mp3,I Want to Live.mp3,Skillet,spotify:artist:49bzE5vRBRIota4qeHtQM8
25,christian rock,First Love,https://p.scdn.co/mp3-preview/7d7bf8dcdfb0d3e41b38146e0ad76d2dfbb72ef3?cid=b82fb22d072d4120850c99225ff01644,./scrapes/christian rock/First Love.mp3,First Love.mp3,Disciple,spotify:artist:4D9k73VomKTnVQ6ROnt8IO
26,christian music,First Love,https://p.scdn.co/mp3-preview/7d7bf8dcdfb0d3e41b38146e0ad76d2dfbb72ef3?cid=b82fb22d072d4120850c99225ff01644,./scrapes/christian music/First Love.mp3,First Love.mp3,Disciple,spotify:artist:4D9k73VomKTnVQ6ROnt8IO
27,christian metal,First Love,https://p.scdn.co/mp3-preview/7d7bf8dcdfb0d3e41b38146e0ad76d2dfbb72ef3?cid=b82fb22d072d4120850c99225ff01644,./scrapes/christian metal/First Love.mp3,First Love.mp3,Disciple,spotify:artist:4D9k73VomKTnVQ6ROnt8IO
28,christian alternative rock,First Love,https://p.scdn.co/mp3-preview/7d7bf8dcdfb0d3e41b38146e0ad76d2dfbb72ef3?cid=b82fb22d072d4120850c99225ff01644,./scrapes/christian alternative rock/First Love.mp3,First Love.mp3,Disciple,spotify:artist:4D9k73VomKTnVQ6ROnt8IO
29,ccm,First Love,https://p.scdn.co/mp3-preview/7d7bf8dcdfb0d3e41b38146e0ad76d2dfbb72ef3?cid=b82fb22d072d4120850c99225ff01644,./scrapes/ccm/First Love.mp3,First Love.mp3,Disciple,spotify:artist:4D9k73VomKTnVQ6ROnt8IO
30,hard alternative,Fading,https://p.scdn.co/mp3-preview/555b5708dbe032aaa65d50ac7d22f3dbdc2bfd64?cid=b82fb22d072d4120850c99225ff01644,./scrapes/hard alternative/Fading.mp3,Fading.mp3,Decyfer Down,spotify:artist:4C0vbj4LNsNUjH0Q9IFW3B
31,christian rock,Fading,https://p.scdn.co/mp3-preview/555b5708dbe032aaa65d50ac7d22f3dbdc2bfd64?cid=b82fb22d072d4120850c99225ff01644,./scrapes/christian rock/Fading.mp3,Fading.mp3,Decyfer Down,spotify:artist:4C0vbj4LNsNUjH0Q9IFW3B
32,christian alternative rock,Fading,https://p.scdn.co/mp3-preview/555b5708dbe032aaa65d50ac7d22f3dbdc2bfd64?cid=b82fb22d072d4120850c99225ff01644,./scrapes/christian alternative rock/Fading.mp3,Fading.mp3,Decyfer Down,spotify:artist:4C0vbj4LNsNUjH0Q9IFW3B
33,post-screamo,Surrender,https://p.scdn.co/mp3-preview/5728c60e330c257c2804c26326d906c558f559d8?cid=b82fb22d072d4120850c99225ff01644,./scrapes/post-screamo/Surrender.mp3,Surrender.mp3,Nine Lashes,spotify:artist:6L5kgEyFIlckHbMdRM2KXQ
34,gymcore,Surrender,https://p.scdn.co/mp3-preview/5728c60e330c257c2804c26326d906c558f559d8?cid=b82fb22d072d4120850c99225ff01644,./scrapes/gymcore/Surrender.mp3,Surrender.mp3,Nine Lashes,spotify:artist:6L5kgEyFIlckHbMdRM2KXQ
35,christian rock,Surrender,https://p.scdn.co/mp3-preview/5728c60e330c257c2804c26326d906c558f559d8?cid=b82fb22d072d4120850c99225ff01644,./scrapes/christian rock/Surrender.mp3,Surrender.mp3,Nine Lashes,spotify:artist:6L5kgEyFIlckHbMdRM2KXQ
36,christian alternative rock,Surrender,https://p.scdn.co/mp3-preview/5728c60e330c257c2804c26326d906c558f559d8?cid=b82fb22d072d4120850c99225ff01644,./scrapes/christian alternative rock/Surrender.mp3,Surrender.mp3,Nine Lashes,spotify:artist:6L5kgEyFIlckHbMdRM2KXQ
37,christian rock,Long Live the Rebels,https://p.scdn.co/mp3-preview/2af2d20c7380faa7491c01d4338695d0834fcd53?cid=b82fb22d072d4120850c99225ff01644,./scrapes/christian rock/Long Live the Rebels.mp3,Long Live the Rebels.mp3,Disciple,spotify:artist:4D9k73VomKTnVQ6ROnt8IO
38,christian music,Long Live the Rebels,https://p.scdn.co/mp3-preview/2af2d20c7380faa7491c01d4338695d0834fcd53?cid=b82fb22d072d4120850c99225ff01644,./scrapes/christian music/Long Live the Rebels.mp3,Long Live the Rebels.mp3,Disciple,spotify:artist:4D9k73VomKTnVQ6ROnt8IO
39,christian metal,Long Live the Rebels,https://p.scdn.co/mp3-preview/2af2d20c7380faa7491c01d4338695d0834fcd53?cid=b82fb22d072d4120850c99225ff01644,./scrapes/christian metal/Long Live the Rebels.mp3,Long Live the Rebels.mp3,Disciple,spotify:artist:4D9k73VomKTnVQ6ROnt8IO
40,christian alternative rock,Long Live the Rebels,https://p.scdn.co/mp3-preview/2af2d20c7380faa7491c01d4338695d0834fcd53?cid=b82fb22d072d4120850c99225ff01644,./scrapes/christian alternative rock/Long Live the Rebels.mp3,Long Live the Rebels.mp3,Disciple,spotify:artist:4D9k73VomKTnVQ6ROnt8IO
41,ccm,Long Live the Rebels,https://p.scdn.co/mp3-preview/2af2d20c7380faa7491c01d4338695d0834fcd53?cid=b82fb22d072d4120850c99225ff01644,./scrapes/ccm/Long Live the Rebels.mp3,Long Live the Rebels.mp3,Disciple,spotify:artist:4D9k73VomKTnVQ6ROnt8IO
42,christian rock,Set Fire,https://p.scdn.co/mp3-preview/f664a5bdab1130c818c517450a935095cdf5e0ca?cid=b82fb22d072d4120850c99225ff01644,./scrapes/christian rock/Set Fire.mp3,Set Fire.mp3,Embers In Ashes,spotify:artist:4xSSoOm2CcWXAp85huAZPd
43,christian rock,Will You Save Me?,https://p.scdn.co/mp3-preview/01c7d0ca395fe69b96019d0b858f5b774795c2d9?cid=b82fb22d072d4120850c99225ff01644,./scrapes/christian rock/Will You Save Me?.mp3,Will You Save Me?.mp3,The Birdsongs,spotify:artist:6uIELYnU5jg8XEwjSK0QrN
44,christian hard rock,Will You Save Me?,https://p.scdn.co/mp3-preview/01c7d0ca395fe69b96019d0b858f5b774795c2d9?cid=b82fb22d072d4120850c99225ff01644,./scrapes/christian hard rock/Will You Save Me?.mp3,Will You Save Me?.mp3,The Birdsongs,spotify:artist:6uIELYnU5jg8XEwjSK0QrN
45,christian rock,Salvation,https://p.scdn.co/mp3-preview/0e2749a9e7beb6e8b080b7752b2e3e39ee99dcf8?cid=b82fb22d072d4120850c99225ff01644,./scrapes/christian rock/Salvation.mp3,Salvation.mp3,Skillet,spotify:artist:49bzE5vRBRIota4qeHtQM8
46,christian music,Salvation,https://p.scdn.co/mp3-preview/0e2749a9e7beb6e8b080b7752b2e3e39ee99dcf8?cid=b82fb22d072d4120850c99225ff01644,./scrapes/christian music/Salvation.mp3,Salvation.mp3,Skillet,spotify:artist:49bzE5vRBRIota4qeHtQM8
47,christian alternative rock,Salvation,https://p.scdn.co/mp3-preview/0e2749a9e7beb6e8b080b7752b2e3e39ee99dcf8?cid=b82fb22d072d4120850c99225ff01644,./scrapes/christian alternative rock/Salvation.mp3,Salvation.mp3,Skillet,spotify:artist:49bzE5vRBRIota4qeHtQM8
48,alternative metal,Salvation,https://p.scdn.co/mp3-preview/0e2749a9e7beb6e8b080b7752b2e3e39ee99dcf8?cid=b82fb22d072d4120850c99225ff01644,./scrapes/alternative metal/Salvation.mp3,Salvation.mp3,Skillet,spotify:artist:49bzE5vRBRIota4qeHtQM8
49,rap rock,Be Somebody,https://p.scdn.co/mp3-preview/ad355471839f1b5ef4d9dd70a4fcb0791e1712c7?cid=b82fb22d072d4120850c99225ff01644,./scrapes/rap rock/Be Somebody.mp3,Be Somebody.mp3,Thousand Foot Krutch,spotify:artist:6GfiCQDFYANz5wUkSmb3Dr
50,rap metal,Be Somebody,https://p.scdn.co/mp3-preview/ad355471839f1b5ef4d9dd70a4fcb0791e1712c7?cid=b82fb22d072d4120850c99225ff01644,./scrapes/rap metal/Be Somebody.mp3,Be Somebody.mp3,Thousand Foot Krutch,spotify:artist:6GfiCQDFYANz5wUkSmb3Dr
51,nu metal,Be Somebody,https://p.scdn.co/mp3-preview/ad355471839f1b5ef4d9dd70a4fcb0791e1712c7?cid=b82fb22d072d4120850c99225ff01644,./scrapes/nu metal/Be Somebody.mp3,Be Somebody.mp3,Thousand Foot Krutch,spotify:artist:6GfiCQDFYANz5wUkSmb3Dr
52,christian rock,Be Somebody,https://p.scdn.co/mp3-preview/ad355471839f1b5ef4d9dd70a4fcb0791e1712c7?cid=b82fb22d072d4120850c99225ff01644,./scrapes/christian rock/Be Somebody.mp3,Be Somebody.mp3,Thousand Foot Krutch,spotify:artist:6GfiCQDFYANz5wUkSmb3Dr
53,christian alternative rock,Be Somebody,https://p.scdn.co/mp3-preview/ad355471839f1b5ef4d9dd70a4fcb0791e1712c7?cid=b82fb22d072d4120850c99225ff01644,./scrapes/christian alternative rock/Be Somebody.mp3,Be Somebody.mp3,Thousand Foot Krutch,spotify:artist:6GfiCQDFYANz5wUkSmb3Dr
54,canadian rock,Be Somebody,https://p.scdn.co/mp3-preview/ad355471839f1b5ef4d9dd70a4fcb0791e1712c7?cid=b82fb22d072d4120850c99225ff01644,./scrapes/canadian rock/Be Somebody.mp3,Be Somebody.mp3,Thousand Foot Krutch,spotify:artist:6GfiCQDFYANz5wUkSmb3Dr
55,canadian metal,Be Somebody,https://p.scdn.co/mp3-preview/ad355471839f1b5ef4d9dd70a4fcb0791e1712c7?cid=b82fb22d072d4120850c99225ff01644,./scrapes/canadian metal/Be Somebody.mp3,Be Somebody.mp3,Thousand Foot Krutch,spotify:artist:6GfiCQDFYANz5wUkSmb3Dr
56,canadian ccm,Be Somebody,https://p.scdn.co/mp3-preview/ad355471839f1b5ef4d9dd70a4fcb0791e1712c7?cid=b82fb22d072d4120850c99225ff01644,./scrapes/canadian ccm/Be Somebody.mp3,Be Somebody.mp3,Thousand Foot Krutch,spotify:artist:6GfiCQDFYANz5wUkSmb3Dr
57,alternative metal,Be Somebody,https://p.scdn.co/mp3-preview/ad355471839f1b5ef4d9dd70a4fcb0791e1712c7?cid=b82fb22d072d4120850c99225ff01644,./scrapes/alternative metal/Be Somebody.mp3,Be Somebody.mp3,Thousand Foot Krutch,spotify:artist:6GfiCQDFYANz5wUkSmb3Dr
58,rap rock,Worlds Collide,https://p.scdn.co/mp3-preview/461112a3a2b16b1f7a299c65b399e3273aa9e5ae?cid=b82fb22d072d4120850c99225ff01644,./scrapes/rap rock/Worlds Collide.mp3,Worlds Collide.mp3,12 Stones,spotify:artist:0DrXhci3WAyo0WJv1RBOG6
59,post-grunge,Worlds Collide,https://p.scdn.co/mp3-preview/461112a3a2b16b1f7a299c65b399e3273aa9e5ae?cid=b82fb22d072d4120850c99225ff01644,./scrapes/post-grunge/Worlds Collide.mp3,Worlds Collide.mp3,12 Stones,spotify:artist:0DrXhci3WAyo0WJv1RBOG6
60,nu metal,Worlds Collide,https://p.scdn.co/mp3-preview/461112a3a2b16b1f7a299c65b399e3273aa9e5ae?cid=b82fb22d072d4120850c99225ff01644,./scrapes/nu metal/Worlds Collide.mp3,Worlds Collide.mp3,12 Stones,spotify:artist:0DrXhci3WAyo0WJv1RBOG6
61,christian rock,Worlds Collide,https://p.scdn.co/mp3-preview/461112a3a2b16b1f7a299c65b399e3273aa9e5ae?cid=b82fb22d072d4120850c99225ff01644,./scrapes/christian rock/Worlds Collide.mp3,Worlds Collide.mp3,12 Stones,spotify:artist:0DrXhci3WAyo0WJv1RBOG6
62,christian hard rock,Worlds Collide,https://p.scdn.co/mp3-preview/461112a3a2b16b1f7a299c65b399e3273aa9e5ae?cid=b82fb22d072d4120850c99225ff01644,./scrapes/christian hard rock/Worlds Collide.mp3,Worlds Collide.mp3,12 Stones,spotify:artist:0DrXhci3WAyo0WJv1RBOG6
63,christian alternative rock,Worlds Collide,https://p.scdn.co/mp3-preview/461112a3a2b16b1f7a299c65b399e3273aa9e5ae?cid=b82fb22d072d4120850c99225ff01644,./scrapes/christian alternative rock/Worlds Collide.mp3,Worlds Collide.mp3,12 Stones,spotify:artist:0DrXhci3WAyo0WJv1RBOG6
64,alternative metal,Worlds Collide,https://p.scdn.co/mp3-preview/461112a3a2b16b1f7a299c65b399e3273aa9e5ae?cid=b82fb22d072d4120850c99225ff01644,./scrapes/alternative metal/Worlds Collide.mp3,Worlds Collide.mp3,12 Stones,spotify:artist:0DrXhci3WAyo0WJv1RBOG6
65,rap rock,Psycho,https://p.scdn.co/mp3-preview/420817872d79e26f8ab2449f0109ba77f97704e2?cid=b82fb22d072d4120850c99225ff01644,./scrapes/rap rock/Psycho.mp3,Psycho.mp3,12 Stones,spotify:artist:0DrXhci3WAyo0WJv1RBOG6
66,post-grunge,Psycho,https://p.scdn.co/mp3-preview/420817872d79e26f8ab2449f0109ba77f97704e2?cid=b82fb22d072d4120850c99225ff01644,./scrapes/post-grunge/Psycho.mp3,Psycho.mp3,12 Stones,spotify:artist:0DrXhci3WAyo0WJv1RBOG6
67,nu metal,Psycho,https://p.scdn.co/mp3-preview/420817872d79e26f8ab2449f0109ba77f97704e2?cid=b82fb22d072d4120850c99225ff01644,./scrapes/nu metal/Psycho.mp3,Psycho.mp3,12 Stones,spotify:artist:0DrXhci3WAyo0WJv1RBOG6
68,christian rock,Psycho,https://p.scdn.co/mp3-preview/420817872d79e26f8ab2449f0109ba77f97704e2?cid=b82fb22d072d4120850c99225ff01644,./scrapes/christian rock/Psycho.mp3,Psycho.mp3,12 Stones,spotify:artist:0DrXhci3WAyo0WJv1RBOG6
69,christian hard rock,Psycho,https://p.scdn.co/mp3-preview/420817872d79e26f8ab2449f0109ba77f97704e2?cid=b82fb22d072d4120850c99225ff01644,./scrapes/christian hard rock/Psycho.mp3,Psycho.mp3,12 Stones,spotify:artist:0DrXhci3WAyo0WJv1RBOG6
70,christian alternative rock,Psycho,https://p.scdn.co/mp3-preview/420817872d79e26f8ab2449f0109ba77f97704e2?cid=b82fb22d072d4120850c99225ff01644,./scrapes/christian alternative rock/Psycho.mp3,Psycho.mp3,12 Stones,spotify:artist:0DrXhci3WAyo0WJv1RBOG6
71,alternative metal,Psycho,https://p.scdn.co/mp3-preview/420817872d79e26f8ab2449f0109ba77f97704e2?cid=b82fb22d072d4120850c99225ff01644,./scrapes/alternative metal/Psycho.mp3,Psycho.mp3,12 Stones,spotify:artist:0DrXhci3WAyo0WJv1RBOG6
72,metal catala,My Haven,https://p.scdn.co/mp3-preview/cb89ce60d969b256eb4f7039a1fa26f8cddb94fa?cid=b82fb22d072d4120850c99225ff01644,./scrapes/metal catala/My Haven.mp3,My Haven.mp3,Kilmara,spotify:artist:2dPJve8VOM1hJPYHBq5To5
73,christian hard rock,Birth of a Legacy,https://p.scdn.co/mp3-preview/2b0d317c73f5c51defa6696d226ce540b0c22e59?cid=b82fb22d072d4120850c99225ff01644,./scrapes/christian hard rock/Birth of a Legacy.mp3,Birth of a Legacy.mp3,Hearts of Saints,spotify:artist:4Bmq2K4530FXynMJD4Twen
74,christian rock,Rebirthing,https://p.scdn.co/mp3-preview/964abe4ba2d460542ea95685802ddc1bfacdcd84?cid=b82fb22d072d4120850c99225ff01644,./scrapes/christian rock/Rebirthing.mp3,Rebirthing.mp3,Skillet,spotify:artist:49bzE5vRBRIota4qeHtQM8
75,christian music,Rebirthing,https://p.scdn.co/mp3-preview/964abe4ba2d460542ea95685802ddc1bfacdcd84?cid=b82fb22d072d4120850c99225ff01644,./scrapes/christian music/Rebirthing.mp3,Rebirthing.mp3,Skillet,spotify:artist:49bzE5vRBRIota4qeHtQM8
76,christian alternative rock,Rebirthing,https://p.scdn.co/mp3-preview/964abe4ba2d460542ea95685802ddc1bfacdcd84?cid=b82fb22d072d4120850c99225ff01644,./scrapes/christian alternative rock/Rebirthing.mp3,Rebirthing.mp3,Skillet,spotify:artist:49bzE5vRBRIota4qeHtQM8
77,alternative metal,Rebirthing,https://p.scdn.co/mp3-preview/964abe4ba2d460542ea95685802ddc1bfacdcd84?cid=b82fb22d072d4120850c99225ff01644,./scrapes/alternative metal/Rebirthing.mp3,Rebirthing.mp3,Skillet,spotify:artist:49bzE5vRBRIota4qeHtQM8
78,hard alternative,Strike Back,https://p.scdn.co/mp3-preview/4767fa7605148373993de1eb3c8ff6d87eac2f73?cid=b82fb22d072d4120850c99225ff01644,./scrapes/hard alternative/Strike Back.mp3,Strike Back.mp3,We As Human,spotify:artist:6FFTGpuvFDztqTz4t1Hqy9
79,gymcore,Strike Back,https://p.scdn.co/mp3-preview/4767fa7605148373993de1eb3c8ff6d87eac2f73?cid=b82fb22d072d4120850c99225ff01644,./scrapes/gymcore/Strike Back.mp3,Strike Back.mp3,We As Human,spotify:artist:6FFTGpuvFDztqTz4t1Hqy9
80,christian rock,Strike Back,https://p.scdn.co/mp3-preview/4767fa7605148373993de1eb3c8ff6d87eac2f73?cid=b82fb22d072d4120850c99225ff01644,./scrapes/christian rock/Strike Back.mp3,Strike Back.mp3,We As Human,spotify:artist:6FFTGpuvFDztqTz4t1Hqy9
81,christian hard rock,Strike Back,https://p.scdn.co/mp3-preview/4767fa7605148373993de1eb3c8ff6d87eac2f73?cid=b82fb22d072d4120850c99225ff01644,./scrapes/christian hard rock/Strike Back.mp3,Strike Back.mp3,We As Human,spotify:artist:6FFTGpuvFDztqTz4t1Hqy9
82,christian alternative rock,Strike Back,https://p.scdn.co/mp3-preview/4767fa7605148373993de1eb3c8ff6d87eac2f73?cid=b82fb22d072d4120850c99225ff01644,./scrapes/christian alternative rock/Strike Back.mp3,Strike Back.mp3,We As Human,spotify:artist:6FFTGpuvFDztqTz4t1Hqy9
83,christian rock,Without You,https://p.scdn.co/mp3-preview/8ad8f74e078758d1b762b6f5e31d079cda040841?cid=b82fb22d072d4120850c99225ff01644,./scrapes/christian rock/Without You.mp3,Without You.mp3,Ashes Remain,spotify:artist:0fkTQEEyEyH71i9tDhS7CO
84,christian alternative rock,Without You,https://p.scdn.co/mp3-preview/8ad8f74e078758d1b762b6f5e31d079cda040841?cid=b82fb22d072d4120850c99225ff01644,./scrapes/christian alternative rock/Without You.mp3,Without You.mp3,Ashes Remain,spotify:artist:0fkTQEEyEyH71i9tDhS7CO
85,gymcore,Step Down,https://p.scdn.co/mp3-preview/438dbe1b1e132d28e0779d33cde65e7a238ecb4c?cid=b82fb22d072d4120850c99225ff01644,./scrapes/gymcore/Step Down.mp3,Step Down.mp3,Leader,spotify:artist:3bHqX8FAJc822NW16efjeh
86,gymcore,Warrior Inside,https://p.scdn.co/mp3-preview/9803ab3ecfb1cd910f25fae7bd43b67114fb8cb5?cid=b82fb22d072d4120850c99225ff01644,./scrapes/gymcore/Warrior Inside.mp3,Warrior Inside.mp3,Leader,spotify:artist:3bHqX8FAJc822NW16efjeh
87,christian hard rock,BattleCry,https://p.scdn.co/mp3-preview/af90fa9768dc27146c0d71a1fb640842a96c5f4a?cid=b82fb22d072d4120850c99225ff01644,./scrapes/christian hard rock/BattleCry.mp3,BattleCry.mp3,Hearts of Saints,spotify:artist:4Bmq2K4530FXynMJD4Twen
88,christian rock,Awake and Alive,https://p.scdn.co/mp3-preview/78879dd4933368acaaf2593f87a031b2ebcfbb1e?cid=b82fb22d072d4120850c99225ff01644,./scrapes/christian rock/Awake and Alive.mp3,Awake and Alive.mp3,Skillet,spotify:artist:49bzE5vRBRIota4qeHtQM8
89,christian music,Awake and Alive,https://p.scdn.co/mp3-preview/78879dd4933368acaaf2593f87a031b2ebcfbb1e?cid=b82fb22d072d4120850c99225ff01644,./scrapes/christian music/Awake and Alive.mp3,Awake and Alive.mp3,Skillet,spotify:artist:49bzE5vRBRIota4qeHtQM8
90,christian alternative rock,Awake and Alive,https://p.scdn.co/mp3-preview/78879dd4933368acaaf2593f87a031b2ebcfbb1e?cid=b82fb22d072d4120850c99225ff01644,./scrapes/christian alternative rock/Awake and Alive.mp3,Awake and Alive.mp3,Skillet,spotify:artist:49bzE5vRBRIota4qeHtQM8
91,alternative metal,Awake and Alive,https://p.scdn.co/mp3-preview/78879dd4933368acaaf2593f87a031b2ebcfbb1e?cid=b82fb22d072d4120850c99225ff01644,./scrapes/alternative metal/Awake and Alive.mp3,Awake and Alive.mp3,Skillet,spotify:artist:49bzE5vRBRIota4qeHtQM8
92,christian rock,End Of Me,https://p.scdn.co/mp3-preview/067aa6c0e39a5fb9131a66ee6da7b40e024011b8?cid=b82fb22d072d4120850c99225ff01644,./scrapes/christian rock/End Of Me.mp3,End Of Me.mp3,Ashes Remain,spotify:artist:0fkTQEEyEyH71i9tDhS7CO
93,christian alternative rock,End Of Me,https://p.scdn.co/mp3-preview/067aa6c0e39a5fb9131a66ee6da7b40e024011b8?cid=b82fb22d072d4120850c99225ff01644,./scrapes/christian alternative rock/End Of Me.mp3,End Of Me.mp3,Ashes Remain,spotify:artist:0fkTQEEyEyH71i9tDhS7CO
94,rap rock,Breathe Into Me,https://p.scdn.co/mp3-preview/c6999a8db26f602d8121616e734f1f72c34afb1e?cid=b82fb22d072d4120850c99225ff01644,./scrapes/rap rock/Breathe Into Me.mp3,Breathe Into Me.mp3,Red,spotify:artist:01crEa9G3pNpXZ5m7wuHOk
95,post-grunge,Breathe Into Me,https://p.scdn.co/mp3-preview/c6999a8db26f602d8121616e734f1f72c34afb1e?cid=b82fb22d072d4120850c99225ff01644,./scrapes/post-grunge/Breathe Into Me.mp3,Breathe Into Me.mp3,Red,spotify:artist:01crEa9G3pNpXZ5m7wuHOk
96,nu metal,Breathe Into Me,https://p.scdn.co/mp3-preview/c6999a8db26f602d8121616e734f1f72c34afb1e?cid=b82fb22d072d4120850c99225ff01644,./scrapes/nu metal/Breathe Into Me.mp3,Breathe Into Me.mp3,Red,spotify:artist:01crEa9G3pNpXZ5m7wuHOk
97,christian rock,Breathe Into Me,https://p.scdn.co/mp3-preview/c6999a8db26f602d8121616e734f1f72c34afb1e?cid=b82fb22d072d4120850c99225ff01644,./scrapes/christian rock/Breathe Into Me.mp3,Breathe Into Me.mp3,Red,spotify:artist:01crEa9G3pNpXZ5m7wuHOk
98,christian alternative rock,Breathe Into Me,https://p.scdn.co/mp3-preview/c6999a8db26f602d8121616e734f1f72c34afb1e?cid=b82fb22d072d4120850c99225ff01644,./scrapes/christian alternative rock/Breathe Into Me.mp3,Breathe Into Me.mp3,Red,spotify:artist:01crEa9G3pNpXZ5m7wuHOk
99,alternative metal,Breathe Into Me,https://p.scdn.co/mp3-preview/c6999a8db26f602d8121616e734f1f72c34afb1e?cid=b82fb22d072d4120850c99225ff01644,./scrapes/alternative metal/Breathe Into Me.mp3,Breathe Into Me.mp3,Red,spotify:artist:01crEa9G3pNpXZ5m7wuHOk
100,christian rock,Hero,https://p.scdn.co/mp3-preview/a86af6cfc8543b4acfdb57134147067550b1ef9f?cid=b82fb22d072d4120850c99225ff01644,./scrapes/christian rock/Hero.mp3,Hero.mp3,Skillet,spotify:artist:49bzE5vRBRIota4qeHtQM8
101,christian music,Hero,https://p.scdn.co/mp3-preview/a86af6cfc8543b4acfdb57134147067550b1ef9f?cid=b82fb22d072d4120850c99225ff01644,./scrapes/christian music/Hero.mp3,Hero.mp3,Skillet,spotify:artist:49bzE5vRBRIota4qeHtQM8
102,christian alternative rock,Hero,https://p.scdn.co/mp3-preview/a86af6cfc8543b4acfdb57134147067550b1ef9f?cid=b82fb22d072d4120850c99225ff01644,./scrapes/christian alternative rock/Hero.mp3,Hero.mp3,Skillet,spotify:artist:49bzE5vRBRIota4qeHtQM8
103,alternative metal,Hero,https://p.scdn.co/mp3-preview/a86af6cfc8543b4acfdb57134147067550b1ef9f?cid=b82fb22d072d4120850c99225ff01644,./scrapes/alternative metal/Hero.mp3,Hero.mp3,Skillet,spotify:artist:49bzE5vRBRIota4qeHtQM8
104,christian rock,Eternity,https://p.scdn.co/mp3-preview/1cb7e2a98e7978b65f0098058c6056b90569d4e2?cid=b82fb22d072d4120850c99225ff01644,./scrapes/christian rock/Eternity.mp3,Eternity.mp3,Disciple,spotify:artist:4D9k73VomKTnVQ6ROnt8IO
105,christian music,Eternity,https://p.scdn.co/mp3-preview/1cb7e2a98e7978b65f0098058c6056b90569d4e2?cid=b82fb22d072d4120850c99225ff01644,./scrapes/christian music/Eternity.mp3,Eternity.mp3,Disciple,spotify:artist:4D9k73VomKTnVQ6ROnt8IO
106,christian metal,Eternity,https://p.scdn.co/mp3-preview/1cb7e2a98e7978b65f0098058c6056b90569d4e2?cid=b82fb22d072d4120850c99225ff01644,./scrapes/christian metal/Eternity.mp3,Eternity.mp3,Disciple,spotify:artist:4D9k73VomKTnVQ6ROnt8IO
107,christian alternative rock,Eternity,https://p.scdn.co/mp3-preview/1cb7e2a98e7978b65f0098058c6056b90569d4e2?cid=b82fb22d072d4120850c99225ff01644,./scrapes/christian alternative rock/Eternity.mp3,Eternity.mp3,Disciple,spotify:artist:4D9k73VomKTnVQ6ROnt8IO
108,ccm,Eternity,https://p.scdn.co/mp3-preview/1cb7e2a98e7978b65f0098058c6056b90569d4e2?cid=b82fb22d072d4120850c99225ff01644,./scrapes/ccm/Eternity.mp3,Eternity.mp3,Disciple,spotify:artist:4D9k73VomKTnVQ6ROnt8IO
109,christian hard rock,"Attraction, Distraction",https://p.scdn.co/mp3-preview/36475c6289935b273b8b111ce69d0d1ff7a43a23?cid=b82fb22d072d4120850c99225ff01644,"./scrapes/christian hard rock/Attraction, Distraction.mp3","Attraction, Distraction.mp3",Hearts of Saints,spotify:artist:4Bmq2K4530FXynMJD4Twen
110,christian rock,Sick of It,https://p.scdn.co/mp3-preview/31be618d59407b8c9e2634fbeca0c0875c166f83?cid=b82fb22d072d4120850c99225ff01644,./scrapes/christian rock/Sick of It.mp3,Sick of It.mp3,Skillet,spotify:artist:49bzE5vRBRIota4qeHtQM8
111,christian music,Sick of It,https://p.scdn.co/mp3-preview/31be618d59407b8c9e2634fbeca0c0875c166f83?cid=b82fb22d072d4120850c99225ff01644,./scrapes/christian music/Sick of It.mp3,Sick of It.mp3,Skillet,spotify:artist:49bzE5vRBRIota4qeHtQM8
112,christian alternative rock,Sick of It,https://p.scdn.co/mp3-preview/31be618d59407b8c9e2634fbeca0c0875c166f83?cid=b82fb22d072d4120850c99225ff01644,./scrapes/christian alternative rock/Sick of It.mp3,Sick of It.mp3,Skillet,spotify:artist:49bzE5vRBRIota4qeHtQM8
113,alternative metal,Sick of It,https://p.scdn.co/mp3-preview/31be618d59407b8c9e2634fbeca0c0875c166f83?cid=b82fb22d072d4120850c99225ff01644,./scrapes/alternative metal/Sick of It.mp3,Sick of It.mp3,Skillet,spotify:artist:49bzE5vRBRIota4qeHtQM8
114,post-screamo,Break the World,https://p.scdn.co/mp3-preview/a24ede8626d489e758eaf3e912445d07ebd008fa?cid=b82fb22d072d4120850c99225ff01644,./scrapes/post-screamo/Break the World.mp3,Break the World.mp3,Nine Lashes,spotify:artist:6L5kgEyFIlckHbMdRM2KXQ
115,gymcore,Break the World,https://p.scdn.co/mp3-preview/a24ede8626d489e758eaf3e912445d07ebd008fa?cid=b82fb22d072d4120850c99225ff01644,./scrapes/gymcore/Break the World.mp3,Break the World.mp3,Nine Lashes,spotify:artist:6L5kgEyFIlckHbMdRM2KXQ
116,christian rock,Break the World,https://p.scdn.co/mp3-preview/a24ede8626d489e758eaf3e912445d07ebd008fa?cid=b82fb22d072d4120850c99225ff01644,./scrapes/christian rock/Break the World.mp3,Break the World.mp3,Nine Lashes,spotify:artist:6L5kgEyFIlckHbMdRM2KXQ
117,christian alternative rock,Break the World,https://p.scdn.co/mp3-preview/a24ede8626d489e758eaf3e912445d07ebd008fa?cid=b82fb22d072d4120850c99225ff01644,./scrapes/christian alternative rock/Break the World.mp3,Break the World.mp3,Nine Lashes,spotify:artist:6L5kgEyFIlckHbMdRM2KXQ
118,hard alternative,Dead Man,https://p.scdn.co/mp3-preview/3362091659683c6ba1d0194a448fe98c2d84b2de?cid=b82fb22d072d4120850c99225ff01644,./scrapes/hard alternative/Dead Man.mp3,Dead Man.mp3,We As Human,spotify:artist:6FFTGpuvFDztqTz4t1Hqy9
119,gymcore,Dead Man,https://p.scdn.co/mp3-preview/3362091659683c6ba1d0194a448fe98c2d84b2de?cid=b82fb22d072d4120850c99225ff01644,./scrapes/gymcore/Dead Man.mp3,Dead Man.mp3,We As Human,spotify:artist:6FFTGpuvFDztqTz4t1Hqy9
120,christian rock,Dead Man,https://p.scdn.co/mp3-preview/3362091659683c6ba1d0194a448fe98c2d84b2de?cid=b82fb22d072d4120850c99225ff01644,./scrapes/christian rock/Dead Man.mp3,Dead Man.mp3,We As Human,spotify:artist:6FFTGpuvFDztqTz4t1Hqy9
121,christian hard rock,Dead Man,https://p.scdn.co/mp3-preview/3362091659683c6ba1d0194a448fe98c2d84b2de?cid=b82fb22d072d4120850c99225ff01644,./scrapes/christian hard rock/Dead Man.mp3,Dead Man.mp3,We As Human,spotify:artist:6FFTGpuvFDztqTz4t1Hqy9
122,christian alternative rock,Dead Man,https://p.scdn.co/mp3-preview/3362091659683c6ba1d0194a448fe98c2d84b2de?cid=b82fb22d072d4120850c99225ff01644,./scrapes/christian alternative rock/Dead Man.mp3,Dead Man.mp3,We As Human,spotify:artist:6FFTGpuvFDztqTz4t1Hqy9
123,christian rock,Battle Cry,https://p.scdn.co/mp3-preview/e4d691f2c507b069e1907a0df4b32c4b9d9f1082?cid=b82fb22d072d4120850c99225ff01644,./scrapes/christian rock/Battle Cry.mp3,Battle Cry.mp3,Skillet,spotify:artist:49bzE5vRBRIota4qeHtQM8
124,christian music,Battle Cry,https://p.scdn.co/mp3-preview/e4d691f2c507b069e1907a0df4b32c4b9d9f1082?cid=b82fb22d072d4120850c99225ff01644,./scrapes/christian music/Battle Cry.mp3,Battle Cry.mp3,Skillet,spotify:artist:49bzE5vRBRIota4qeHtQM8
125,christian alternative rock,Battle Cry,https://p.scdn.co/mp3-preview/e4d691f2c507b069e1907a0df4b32c4b9d9f1082?cid=b82fb22d072d4120850c99225ff01644,./scrapes/christian alternative rock/Battle Cry.mp3,Battle Cry.mp3,Skillet,spotify:artist:49bzE5vRBRIota4qeHtQM8
126,alternative metal,Battle Cry,https://p.scdn.co/mp3-preview/e4d691f2c507b069e1907a0df4b32c4b9d9f1082?cid=b82fb22d072d4120850c99225ff01644,./scrapes/alternative metal/Battle Cry.mp3,Battle Cry.mp3,Skillet,spotify:artist:49bzE5vRBRIota4qeHtQM8
127,hard alternative,Bring to Life,https://p.scdn.co/mp3-preview/bdbfb81e8175cf6d240eeeb8020ee1491315f368?cid=b82fb22d072d4120850c99225ff01644,./scrapes/hard alternative/Bring to Life.mp3,Bring to Life.mp3,We As Human,spotify:artist:6FFTGpuvFDztqTz4t1Hqy9
128,gymcore,Bring to Life,https://p.scdn.co/mp3-preview/bdbfb81e8175cf6d240eeeb8020ee1491315f368?cid=b82fb22d072d4120850c99225ff01644,./scrapes/gymcore/Bring to Life.mp3,Bring to Life.mp3,We As Human,spotify:artist:6FFTGpuvFDztqTz4t1Hqy9
129,christian rock,Bring to Life,https://p.scdn.co/mp3-preview/bdbfb81e8175cf6d240eeeb8020ee1491315f368?cid=b82fb22d072d4120850c99225ff01644,./scrapes/christian rock/Bring to Life.mp3,Bring to Life.mp3,We As Human,spotify:artist:6FFTGpuvFDztqTz4t1Hqy9
130,christian hard rock,Bring to Life,https://p.scdn.co/mp3-preview/bdbfb81e8175cf6d240eeeb8020ee1491315f368?cid=b82fb22d072d4120850c99225ff01644,./scrapes/christian hard rock/Bring to Life.mp3,Bring to Life.mp3,We As Human,spotify:artist:6FFTGpuvFDztqTz4t1Hqy9
131,christian alternative rock,Bring to Life,https://p.scdn.co/mp3-preview/bdbfb81e8175cf6d240eeeb8020ee1491315f368?cid=b82fb22d072d4120850c99225ff01644,./scrapes/christian alternative rock/Bring to Life.mp3,Bring to Life.mp3,We As Human,spotify:artist:6FFTGpuvFDztqTz4t1Hqy9
132,christian rock,SUPERNATURAL,https://p.scdn.co/mp3-preview/572134e9f5e8358e3446e4d9dd1024ae1d4c969a?cid=b82fb22d072d4120850c99225ff01644,./scrapes/christian rock/SUPERNATURAL.mp3,SUPERNATURAL.mp3,Paradise Now,spotify:artist:1XOp5OUbWSxiwLjvM8tKFB
133,christian rock,Once And For All,https://p.scdn.co/mp3-preview/cbccdd0663e5c801bb60aa0a4d1c7a0c4585f6b4?cid=b82fb22d072d4120850c99225ff01644,./scrapes/christian rock/Once And For All.mp3,Once And For All.mp3,Disciple,spotify:artist:4D9k73VomKTnVQ6ROnt8IO
134,christian music,Once And For All,https://p.scdn.co/mp3-preview/cbccdd0663e5c801bb60aa0a4d1c7a0c4585f6b4?cid=b82fb22d072d4120850c99225ff01644,./scrapes/christian music/Once And For All.mp3,Once And For All.mp3,Disciple,spotify:artist:4D9k73VomKTnVQ6ROnt8IO
135,christian metal,Once And For All,https://p.scdn.co/mp3-preview/cbccdd0663e5c801bb60aa0a4d1c7a0c4585f6b4?cid=b82fb22d072d4120850c99225ff01644,./scrapes/christian metal/Once And For All.mp3,Once And For All.mp3,Disciple,spotify:artist:4D9k73VomKTnVQ6ROnt8IO
136,christian alternative rock,Once And For All,https://p.scdn.co/mp3-preview/cbccdd0663e5c801bb60aa0a4d1c7a0c4585f6b4?cid=b82fb22d072d4120850c99225ff01644,./scrapes/christian alternative rock/Once And For All.mp3,Once And For All.mp3,Disciple,spotify:artist:4D9k73VomKTnVQ6ROnt8IO
137,ccm,Once And For All,https://p.scdn.co/mp3-preview/cbccdd0663e5c801bb60aa0a4d1c7a0c4585f6b4?cid=b82fb22d072d4120850c99225ff01644,./scrapes/ccm/Once And For All.mp3,Once And For All.mp3,Disciple,spotify:artist:4D9k73VomKTnVQ6ROnt8IO
138,post-screamo,Never Back Down,https://p.scdn.co/mp3-preview/f817f3d1993edba6fbe577fe5f86e9c58cd460aa?cid=b82fb22d072d4120850c99225ff01644,./scrapes/post-screamo/Never Back Down.mp3,Never Back Down.mp3,Nine Lashes,spotify:artist:6L5kgEyFIlckHbMdRM2KXQ
139,gymcore,Never Back Down,https://p.scdn.co/mp3-preview/f817f3d1993edba6fbe577fe5f86e9c58cd460aa?cid=b82fb22d072d4120850c99225ff01644,./scrapes/gymcore/Never Back Down.mp3,Never Back Down.mp3,Nine Lashes,spotify:artist:6L5kgEyFIlckHbMdRM2KXQ
140,christian rock,Never Back Down,https://p.scdn.co/mp3-preview/f817f3d1993edba6fbe577fe5f86e9c58cd460aa?cid=b82fb22d072d4120850c99225ff01644,./scrapes/christian rock/Never Back Down.mp3,Never Back Down.mp3,Nine Lashes,spotify:artist:6L5kgEyFIlckHbMdRM2KXQ
141,christian alternative rock,Never Back Down,https://p.scdn.co/mp3-preview/f817f3d1993edba6fbe577fe5f86e9c58cd460aa?cid=b82fb22d072d4120850c99225ff01644,./scrapes/christian alternative rock/Never Back Down.mp3,Never Back Down.mp3,Nine Lashes,spotify:artist:6L5kgEyFIlckHbMdRM2KXQ
142,christian rock,The One,https://p.scdn.co/mp3-preview/f431801286d0ecacc5ae5164446a3c00391d63da?cid=b82fb22d072d4120850c99225ff01644,./scrapes/christian rock/The One.mp3,The One.mp3,Disciple,spotify:artist:4D9k73VomKTnVQ6ROnt8IO
143,christian music,The One,https://p.scdn.co/mp3-preview/f431801286d0ecacc5ae5164446a3c00391d63da?cid=b82fb22d072d4120850c99225ff01644,./scrapes/christian music/The One.mp3,The One.mp3,Disciple,spotify:artist:4D9k73VomKTnVQ6ROnt8IO
144,christian metal,The One,https://p.scdn.co/mp3-preview/f431801286d0ecacc5ae5164446a3c00391d63da?cid=b82fb22d072d4120850c99225ff01644,./scrapes/christian metal/The One.mp3,The One.mp3,Disciple,spotify:artist:4D9k73VomKTnVQ6ROnt8IO
145,christian alternative rock,The One,https://p.scdn.co/mp3-preview/f431801286d0ecacc5ae5164446a3c00391d63da?cid=b82fb22d072d4120850c99225ff01644,./scrapes/christian alternative rock/The One.mp3,The One.mp3,Disciple,spotify:artist:4D9k73VomKTnVQ6ROnt8IO
146,ccm,The One,https://p.scdn.co/mp3-preview/f431801286d0ecacc5ae5164446a3c00391d63da?cid=b82fb22d072d4120850c99225ff01644,./scrapes/ccm/The One.mp3,The One.mp3,Disciple,spotify:artist:4D9k73VomKTnVQ6ROnt8IO
147,rap rock,If I Break,https://p.scdn.co/mp3-preview/ff0747b7f944b8cefbd338042cf45dd0f6b65c0b?cid=b82fb22d072d4120850c99225ff01644,./scrapes/rap rock/If I Break.mp3,If I Break.mp3,Red,spotify:artist:01crEa9G3pNpXZ5m7wuHOk
148,post-grunge,If I Break,https://p.scdn.co/mp3-preview/ff0747b7f944b8cefbd338042cf45dd0f6b65c0b?cid=b82fb22d072d4120850c99225ff01644,./scrapes/post-grunge/If I Break.mp3,If I Break.mp3,Red,spotify:artist:01crEa9G3pNpXZ5m7wuHOk
149,nu metal,If I Break,https://p.scdn.co/mp3-preview/ff0747b7f944b8cefbd338042cf45dd0f6b65c0b?cid=b82fb22d072d4120850c99225ff01644,./scrapes/nu metal/If I Break.mp3,If I Break.mp3,Red,spotify:artist:01crEa9G3pNpXZ5m7wuHOk
150,christian rock,If I Break,https://p.scdn.co/mp3-preview/ff0747b7f944b8cefbd338042cf45dd0f6b65c0b?cid=b82fb22d072d4120850c99225ff01644,./scrapes/christian rock/If I Break.mp3,If I Break.mp3,Red,spotify:artist:01crEa9G3pNpXZ5m7wuHOk
151,christian alternative rock,If I Break,https://p.scdn.co/mp3-preview/ff0747b7f944b8cefbd338042cf45dd0f6b65c0b?cid=b82fb22d072d4120850c99225ff01644,./scrapes/christian alternative rock/If I Break.mp3,If I Break.mp3,Red,spotify:artist:01crEa9G3pNpXZ5m7wuHOk
152,alternative metal,If I Break,https://p.scdn.co/mp3-preview/ff0747b7f944b8cefbd338042cf45dd0f6b65c0b?cid=b82fb22d072d4120850c99225ff01644,./scrapes/alternative metal/If I Break.mp3,If I Break.mp3,Red,spotify:artist:01crEa9G3pNpXZ5m7wuHOk
153,christian rock,Crazy,https://p.scdn.co/mp3-preview/e33b11a26d8a4aacd2974a3aef4d5c577568159c?cid=b82fb22d072d4120850c99225ff01644,./scrapes/christian rock/Crazy.mp3,Crazy.mp3,Disciple,spotify:artist:4D9k73VomKTnVQ6ROnt8IO
154,christian music,Crazy,https://p.scdn.co/mp3-preview/e33b11a26d8a4aacd2974a3aef4d5c577568159c?cid=b82fb22d072d4120850c99225ff01644,./scrapes/christian music/Crazy.mp3,Crazy.mp3,Disciple,spotify:artist:4D9k73VomKTnVQ6ROnt8IO
155,christian metal,Crazy,https://p.scdn.co/mp3-preview/e33b11a26d8a4aacd2974a3aef4d5c577568159c?cid=b82fb22d072d4120850c99225ff01644,./scrapes/christian metal/Crazy.mp3,Crazy.mp3,Disciple,spotify:artist:4D9k73VomKTnVQ6ROnt8IO
156,christian alternative rock,Crazy,https://p.scdn.co/mp3-preview/e33b11a26d8a4aacd2974a3aef4d5c577568159c?cid=b82fb22d072d4120850c99225ff01644,./scrapes/christian alternative rock/Crazy.mp3,Crazy.mp3,Disciple,spotify:artist:4D9k73VomKTnVQ6ROnt8IO
157,ccm,Crazy,https://p.scdn.co/mp3-preview/e33b11a26d8a4aacd2974a3aef4d5c577568159c?cid=b82fb22d072d4120850c99225ff01644,./scrapes/ccm/Crazy.mp3,Crazy.mp3,Disciple,spotify:artist:4D9k73VomKTnVQ6ROnt8IO
158,rap rock,Lifeline,https://p.scdn.co/mp3-preview/f9b1aef1bee150f22785ad82d793a95e460e4539?cid=b82fb22d072d4120850c99225ff01644,./scrapes/rap rock/Lifeline.mp3,Lifeline.mp3,Thousand Foot Krutch,spotify:artist:6GfiCQDFYANz5wUkSmb3Dr
159,rap metal,Lifeline,https://p.scdn.co/mp3-preview/f9b1aef1bee150f22785ad82d793a95e460e4539?cid=b82fb22d072d4120850c99225ff01644,./scrapes/rap metal/Lifeline.mp3,Lifeline.mp3,Thousand Foot Krutch,spotify:artist:6GfiCQDFYANz5wUkSmb3Dr
160,nu metal,Lifeline,https://p.scdn.co/mp3-preview/f9b1aef1bee150f22785ad82d793a95e460e4539?cid=b82fb22d072d4120850c99225ff01644,./scrapes/nu metal/Lifeline.mp3,Lifeline.mp3,Thousand Foot Krutch,spotify:artist:6GfiCQDFYANz5wUkSmb3Dr
161,christian rock,Lifeline,https://p.scdn.co/mp3-preview/f9b1aef1bee150f22785ad82d793a95e460e4539?cid=b82fb22d072d4120850c99225ff01644,./scrapes/christian rock/Lifeline.mp3,Lifeline.mp3,Thousand Foot Krutch,spotify:artist:6GfiCQDFYANz5wUkSmb3Dr
162,christian alternative rock,Lifeline,https://p.scdn.co/mp3-preview/f9b1aef1bee150f22785ad82d793a95e460e4539?cid=b82fb22d072d4120850c99225ff01644,./scrapes/christian alternative rock/Lifeline.mp3,Lifeline.mp3,Thousand Foot Krutch,spotify:artist:6GfiCQDFYANz5wUkSmb3Dr
163,canadian rock,Lifeline,https://p.scdn.co/mp3-preview/f9b1aef1bee150f22785ad82d793a95e460e4539?cid=b82fb22d072d4120850c99225ff01644,./scrapes/canadian rock/Lifeline.mp3,Lifeline.mp3,Thousand Foot Krutch,spotify:artist:6GfiCQDFYANz5wUkSmb3Dr
164,canadian metal,Lifeline,https://p.scdn.co/mp3-preview/f9b1aef1bee150f22785ad82d793a95e460e4539?cid=b82fb22d072d4120850c99225ff01644,./scrapes/canadian metal/Lifeline.mp3,Lifeline.mp3,Thousand Foot Krutch,spotify:artist:6GfiCQDFYANz5wUkSmb3Dr
165,canadian ccm,Lifeline,https://p.scdn.co/mp3-preview/f9b1aef1bee150f22785ad82d793a95e460e4539?cid=b82fb22d072d4120850c99225ff01644,./scrapes/canadian ccm/Lifeline.mp3,Lifeline.mp3,Thousand Foot Krutch,spotify:artist:6GfiCQDFYANz5wUkSmb3Dr
166,alternative metal,Lifeline,https://p.scdn.co/mp3-preview/f9b1aef1bee150f22785ad82d793a95e460e4539?cid=b82fb22d072d4120850c99225ff01644,./scrapes/alternative metal/Lifeline.mp3,Lifeline.mp3,Thousand Foot Krutch,spotify:artist:6GfiCQDFYANz5wUkSmb3Dr
167,christian rock,On My Own,https://p.scdn.co/mp3-preview/9f60026259e56e5563fa1dd4b4d872f5b6ec324b?cid=b82fb22d072d4120850c99225ff01644,./scrapes/christian rock/On My Own.mp3,On My Own.mp3,Ashes Remain,spotify:artist:0fkTQEEyEyH71i9tDhS7CO
168,christian alternative rock,On My Own,https://p.scdn.co/mp3-preview/9f60026259e56e5563fa1dd4b4d872f5b6ec324b?cid=b82fb22d072d4120850c99225ff01644,./scrapes/christian alternative rock/On My Own.mp3,On My Own.mp3,Ashes Remain,spotify:artist:0fkTQEEyEyH71i9tDhS7CO
169,rap rock,Born for This,https://p.scdn.co/mp3-preview/e3ef8b74bbb8f6bc4e50f2ade6e3bffab43c698d?cid=b82fb22d072d4120850c99225ff01644,./scrapes/rap rock/Born for This.mp3,Born for This.mp3,Manafest,spotify:artist:4uOFEWy9mIcvQbr03IbPcL
170,post-screamo,Born for This,https://p.scdn.co/mp3-preview/e3ef8b74bbb8f6bc4e50f2ade6e3bffab43c698d?cid=b82fb22d072d4120850c99225ff01644,./scrapes/post-screamo/Born for This.mp3,Born for This.mp3,Manafest,spotify:artist:4uOFEWy9mIcvQbr03IbPcL
171,christian rock,Born for This,https://p.scdn.co/mp3-preview/e3ef8b74bbb8f6bc4e50f2ade6e3bffab43c698d?cid=b82fb22d072d4120850c99225ff01644,./scrapes/christian rock/Born for This.mp3,Born for This.mp3,Manafest,spotify:artist:4uOFEWy9mIcvQbr03IbPcL
172,christian music,Born for This,https://p.scdn.co/mp3-preview/e3ef8b74bbb8f6bc4e50f2ade6e3bffab43c698d?cid=b82fb22d072d4120850c99225ff01644,./scrapes/christian music/Born for This.mp3,Born for This.mp3,Manafest,spotify:artist:4uOFEWy9mIcvQbr03IbPcL
173,christian hip hop,Born for This,https://p.scdn.co/mp3-preview/e3ef8b74bbb8f6bc4e50f2ade6e3bffab43c698d?cid=b82fb22d072d4120850c99225ff01644,./scrapes/christian hip hop/Born for This.mp3,Born for This.mp3,Manafest,spotify:artist:4uOFEWy9mIcvQbr03IbPcL
174,christian alternative rock,Born for This,https://p.scdn.co/mp3-preview/e3ef8b74bbb8f6bc4e50f2ade6e3bffab43c698d?cid=b82fb22d072d4120850c99225ff01644,./scrapes/christian alternative rock/Born for This.mp3,Born for This.mp3,Manafest,spotify:artist:4uOFEWy9mIcvQbr03IbPcL
175,rap rock,Run and Escape,https://p.scdn.co/mp3-preview/3db4cf4141119019d4d56a433d9afcc36fbde681?cid=b82fb22d072d4120850c99225ff01644,./scrapes/rap rock/Run and Escape.mp3,Run and Escape.mp3,Red,spotify:artist:01crEa9G3pNpXZ5m7wuHOk
176,post-grunge,Run and Escape,https://p.scdn.co/mp3-preview/3db4cf4141119019d4d56a433d9afcc36fbde681?cid=b82fb22d072d4120850c99225ff01644,./scrapes/post-grunge/Run and Escape.mp3,Run and Escape.mp3,Red,spotify:artist:01crEa9G3pNpXZ5m7wuHOk
177,nu metal,Run and Escape,https://p.scdn.co/mp3-preview/3db4cf4141119019d4d56a433d9afcc36fbde681?cid=b82fb22d072d4120850c99225ff01644,./scrapes/nu metal/Run and Escape.mp3,Run and Escape.mp3,Red,spotify:artist:01crEa9G3pNpXZ5m7wuHOk
178,christian rock,Run and Escape,https://p.scdn.co/mp3-preview/3db4cf4141119019d4d56a433d9afcc36fbde681?cid=b82fb22d072d4120850c99225ff01644,./scrapes/christian rock/Run and Escape.mp3,Run and Escape.mp3,Red,spotify:artist:01crEa9G3pNpXZ5m7wuHOk
179,christian alternative rock,Run and Escape,https://p.scdn.co/mp3-preview/3db4cf4141119019d4d56a433d9afcc36fbde681?cid=b82fb22d072d4120850c99225ff01644,./scrapes/christian alternative rock/Run and Escape.mp3,Run and Escape.mp3,Red,spotify:artist:01crEa9G3pNpXZ5m7wuHOk
180,alternative metal,Run and Escape,https://p.scdn.co/mp3-preview/3db4cf4141119019d4d56a433d9afcc36fbde681?cid=b82fb22d072d4120850c99225ff01644,./scrapes/alternative metal/Run and Escape.mp3,Run and Escape.mp3,Red,spotify:artist:01crEa9G3pNpXZ5m7wuHOk
181,christian rock,Scarlet,https://p.scdn.co/mp3-preview/2b70ee09c4505057e6344994814018518081fb37?cid=b82fb22d072d4120850c99225ff01644,./scrapes/christian rock/Scarlet.mp3,Scarlet.mp3,Disciple,spotify:artist:4D9k73VomKTnVQ6ROnt8IO
182,christian music,Scarlet,https://p.scdn.co/mp3-preview/2b70ee09c4505057e6344994814018518081fb37?cid=b82fb22d072d4120850c99225ff01644,./scrapes/christian music/Scarlet.mp3,Scarlet.mp3,Disciple,spotify:artist:4D9k73VomKTnVQ6ROnt8IO
183,christian metal,Scarlet,https://p.scdn.co/mp3-preview/2b70ee09c4505057e6344994814018518081fb37?cid=b82fb22d072d4120850c99225ff01644,./scrapes/christian metal/Scarlet.mp3,Scarlet.mp3,Disciple,spotify:artist:4D9k73VomKTnVQ6ROnt8IO
184,christian alternative rock,Scarlet,https://p.scdn.co/mp3-preview/2b70ee09c4505057e6344994814018518081fb37?cid=b82fb22d072d4120850c99225ff01644,./scrapes/christian alternative rock/Scarlet.mp3,Scarlet.mp3,Disciple,spotify:artist:4D9k73VomKTnVQ6ROnt8IO
185,ccm,Scarlet,https://p.scdn.co/mp3-preview/2b70ee09c4505057e6344994814018518081fb37?cid=b82fb22d072d4120850c99225ff01644,./scrapes/ccm/Scarlet.mp3,Scarlet.mp3,Disciple,spotify:artist:4D9k73VomKTnVQ6ROnt8IO
186,christian rock,Upon the Horizon,https://p.scdn.co/mp3-preview/d09669ad1dbd959e057a178ed2132038179c0c35?cid=b82fb22d072d4120850c99225ff01644,./scrapes/christian rock/Upon the Horizon.mp3,Upon the Horizon.mp3,Collision of Innocence,spotify:artist:35wkX6HAVNXCsDF79SnoGc
187,christian hard rock,Upon the Horizon,https://p.scdn.co/mp3-preview/d09669ad1dbd959e057a178ed2132038179c0c35?cid=b82fb22d072d4120850c99225ff01644,./scrapes/christian hard rock/Upon the Horizon.mp3,Upon the Horizon.mp3,Collision of Innocence,spotify:artist:35wkX6HAVNXCsDF79SnoGc
188,rap rock,Running With Giants,https://p.scdn.co/mp3-preview/e7870b5f9fd6c5ff992558ac554cac09373d9e2f?cid=b82fb22d072d4120850c99225ff01644,./scrapes/rap rock/Running With Giants.mp3,Running With Giants.mp3,Thousand Foot Krutch,spotify:artist:6GfiCQDFYANz5wUkSmb3Dr
189,rap metal,Running With Giants,https://p.scdn.co/mp3-preview/e7870b5f9fd6c5ff992558ac554cac09373d9e2f?cid=b82fb22d072d4120850c99225ff01644,./scrapes/rap metal/Running With Giants.mp3,Running With Giants.mp3,Thousand Foot Krutch,spotify:artist:6GfiCQDFYANz5wUkSmb3Dr
190,nu metal,Running With Giants,https://p.scdn.co/mp3-preview/e7870b5f9fd6c5ff992558ac554cac09373d9e2f?cid=b82fb22d072d4120850c99225ff01644,./scrapes/nu metal/Running With Giants.mp3,Running With Giants.mp3,Thousand Foot Krutch,spotify:artist:6GfiCQDFYANz5wUkSmb3Dr
191,christian rock,Running With Giants,https://p.scdn.co/mp3-preview/e7870b5f9fd6c5ff992558ac554cac09373d9e2f?cid=b82fb22d072d4120850c99225ff01644,./scrapes/christian rock/Running With Giants.mp3,Running With Giants.mp3,Thousand Foot Krutch,spotify:artist:6GfiCQDFYANz5wUkSmb3Dr
192,christian alternative rock,Running With Giants,https://p.scdn.co/mp3-preview/e7870b5f9fd6c5ff992558ac554cac09373d9e2f?cid=b82fb22d072d4120850c99225ff01644,./scrapes/christian alternative rock/Running With Giants.mp3,Running With Giants.mp3,Thousand Foot Krutch,spotify:artist:6GfiCQDFYANz5wUkSmb3Dr
193,canadian rock,Running With Giants,https://p.scdn.co/mp3-preview/e7870b5f9fd6c5ff992558ac554cac09373d9e2f?cid=b82fb22d072d4120850c99225ff01644,./scrapes/canadian rock/Running With Giants.mp3,Running With Giants.mp3,Thousand Foot Krutch,spotify:artist:6GfiCQDFYANz5wUkSmb3Dr
194,canadian metal,Running With Giants,https://p.scdn.co/mp3-preview/e7870b5f9fd6c5ff992558ac554cac09373d9e2f?cid=b82fb22d072d4120850c99225ff01644,./scrapes/canadian metal/Running With Giants.mp3,Running With Giants.mp3,Thousand Foot Krutch,spotify:artist:6GfiCQDFYANz5wUkSmb3Dr
195,canadian ccm,Running With Giants,https://p.scdn.co/mp3-preview/e7870b5f9fd6c5ff992558ac554cac09373d9e2f?cid=b82fb22d072d4120850c99225ff01644,./scrapes/canadian ccm/Running With Giants.mp3,Running With Giants.mp3,Thousand Foot Krutch,spotify:artist:6GfiCQDFYANz5wUkSmb3Dr
196,alternative metal,Running With Giants,https://p.scdn.co/mp3-preview/e7870b5f9fd6c5ff992558ac554cac09373d9e2f?cid=b82fb22d072d4120850c99225ff01644,./scrapes/alternative metal/Running With Giants.mp3,Running With Giants.mp3,Thousand Foot Krutch,spotify:artist:6GfiCQDFYANz5wUkSmb3Dr
197,christian rock,Attack,https://p.scdn.co/mp3-preview/ebbeca77de7ab0e3d0dfd40803ff65c6f1bf81db?cid=b82fb22d072d4120850c99225ff01644,./scrapes/christian rock/Attack.mp3,Attack.mp3,Disciple,spotify:artist:4D9k73VomKTnVQ6ROnt8IO
198,christian music,Attack,https://p.scdn.co/mp3-preview/ebbeca77de7ab0e3d0dfd40803ff65c6f1bf81db?cid=b82fb22d072d4120850c99225ff01644,./scrapes/christian music/Attack.mp3,Attack.mp3,Disciple,spotify:artist:4D9k73VomKTnVQ6ROnt8IO
199,christian metal,Attack,https://p.scdn.co/mp3-preview/ebbeca77de7ab0e3d0dfd40803ff65c6f1bf81db?cid=b82fb22d072d4120850c99225ff01644,./scrapes/christian metal/Attack.mp3,Attack.mp3,Disciple,spotify:artist:4D9k73VomKTnVQ6ROnt8IO
200,christian alternative rock,Attack,https://p.scdn.co/mp3-preview/ebbeca77de7ab0e3d0dfd40803ff65c6f1bf81db?cid=b82fb22d072d4120850c99225ff01644,./scrapes/christian alternative rock/Attack.mp3,Attack.mp3,Disciple,spotify:artist:4D9k73VomKTnVQ6ROnt8IO
201,ccm,Attack,https://p.scdn.co/mp3-preview/ebbeca77de7ab0e3d0dfd40803ff65c6f1bf81db?cid=b82fb22d072d4120850c99225ff01644,./scrapes/ccm/Attack.mp3,Attack.mp3,Disciple,spotify:artist:4D9k73VomKTnVQ6ROnt8IO
202,christian rock,Monster,https://p.scdn.co/mp3-preview/7b31bef137993a2f2a1389e333cfb70df4aefb0d?cid=b82fb22d072d4120850c99225ff01644,./scrapes/christian rock/Monster.mp3,Monster.mp3,Skillet,spotify:artist:49bzE5vRBRIota4qeHtQM8
203,christian music,Monster,https://p.scdn.co/mp3-preview/7b31bef137993a2f2a1389e333cfb70df4aefb0d?cid=b82fb22d072d4120850c99225ff01644,./scrapes/christian music/Monster.mp3,Monster.mp3,Skillet,spotify:artist:49bzE5vRBRIota4qeHtQM8
204,christian alternative rock,Monster,https://p.scdn.co/mp3-preview/7b31bef137993a2f2a1389e333cfb70df4aefb0d?cid=b82fb22d072d4120850c99225ff01644,./scrapes/christian alternative rock/Monster.mp3,Monster.mp3,Skillet,spotify:artist:49bzE5vRBRIota4qeHtQM8
205,alternative metal,Monster,https://p.scdn.co/mp3-preview/7b31bef137993a2f2a1389e333cfb70df4aefb0d?cid=b82fb22d072d4120850c99225ff01644,./scrapes/alternative metal/Monster.mp3,Monster.mp3,Skillet,spotify:artist:49bzE5vRBRIota4qeHtQM8
206,christian rock,Remedy,https://p.scdn.co/mp3-preview/921945d07242e5e1c19eeb219e54d2e5ccdafec2?cid=b82fb22d072d4120850c99225ff01644,./scrapes/christian rock/Remedy.mp3,Remedy.mp3,Disciple,spotify:artist:4D9k73VomKTnVQ6ROnt8IO
207,christian music,Remedy,https://p.scdn.co/mp3-preview/921945d07242e5e1c19eeb219e54d2e5ccdafec2?cid=b82fb22d072d4120850c99225ff01644,./scrapes/christian music/Remedy.mp3,Remedy.mp3,Disciple,spotify:artist:4D9k73VomKTnVQ6ROnt8IO
208,christian metal,Remedy,https://p.scdn.co/mp3-preview/921945d07242e5e1c19eeb219e54d2e5ccdafec2?cid=b82fb22d072d4120850c99225ff01644,./scrapes/christian metal/Remedy.mp3,Remedy.mp3,Disciple,spotify:artist:4D9k73VomKTnVQ6ROnt8IO
209,christian alternative rock,Remedy,https://p.scdn.co/mp3-preview/921945d07242e5e1c19eeb219e54d2e5ccdafec2?cid=b82fb22d072d4120850c99225ff01644,./scrapes/christian alternative rock/Remedy.mp3,Remedy.mp3,Disciple,spotify:artist:4D9k73VomKTnVQ6ROnt8IO
210,ccm,Remedy,https://p.scdn.co/mp3-preview/921945d07242e5e1c19eeb219e54d2e5ccdafec2?cid=b82fb22d072d4120850c99225ff01644,./scrapes/ccm/Remedy.mp3,Remedy.mp3,Disciple,spotify:artist:4D9k73VomKTnVQ6ROnt8IO
211,christian pop,Porcelain (feat. Jonathan Thulin),https://p.scdn.co/mp3-preview/87e0d5708abfe210de46da47ba44e80939a3612f?cid=b82fb22d072d4120850c99225ff01644,./scrapes/christian pop/Porcelain (feat. Jonathan Thulin).mp3,Porcelain (feat. Jonathan Thulin).mp3,Jonathan Thulin,spotify:artist:3xGht4cr5E0CQVTMp6g3O3
212,ccm,Porcelain (feat. Jonathan Thulin),https://p.scdn.co/mp3-preview/87e0d5708abfe210de46da47ba44e80939a3612f?cid=b82fb22d072d4120850c99225ff01644,./scrapes/ccm/Porcelain (feat. Jonathan Thulin).mp3,Porcelain (feat. Jonathan Thulin).mp3,Jonathan Thulin,spotify:artist:3xGht4cr5E0CQVTMp6g3O3
213,post-screamo,Edge of Desire,https://p.scdn.co/mp3-preview/5ebc3b14f3144ccd893129344ca3d0492501681d?cid=b82fb22d072d4120850c99225ff01644,./scrapes/post-screamo/Edge of Desire.mp3,Edge of Desire.mp3,Fight The Fade,spotify:artist:5byg90wTxATnhB6kK253DF
214,hard alternative,Edge of Desire,https://p.scdn.co/mp3-preview/5ebc3b14f3144ccd893129344ca3d0492501681d?cid=b82fb22d072d4120850c99225ff01644,./scrapes/hard alternative/Edge of Desire.mp3,Edge of Desire.mp3,Fight The Fade,spotify:artist:5byg90wTxATnhB6kK253DF
215,gymcore,Edge of Desire,https://p.scdn.co/mp3-preview/5ebc3b14f3144ccd893129344ca3d0492501681d?cid=b82fb22d072d4120850c99225ff01644,./scrapes/gymcore/Edge of Desire.mp3,Edge of Desire.mp3,Fight The Fade,spotify:artist:5byg90wTxATnhB6kK253DF
216,christian rock,Edge of Desire,https://p.scdn.co/mp3-preview/5ebc3b14f3144ccd893129344ca3d0492501681d?cid=b82fb22d072d4120850c99225ff01644,./scrapes/christian rock/Edge of Desire.mp3,Edge of Desire.mp3,Fight The Fade,spotify:artist:5byg90wTxATnhB6kK253DF
217,christian rock,Unbroken,https://p.scdn.co/mp3-preview/1c451377ac6ea16540f0e5bc6b7a4c3d8281b5f8?cid=b82fb22d072d4120850c99225ff01644,./scrapes/christian rock/Unbroken.mp3,Unbroken.mp3,Ashes Remain,spotify:artist:0fkTQEEyEyH71i9tDhS7CO
218,christian alternative rock,Unbroken,https://p.scdn.co/mp3-preview/1c451377ac6ea16540f0e5bc6b7a4c3d8281b5f8?cid=b82fb22d072d4120850c99225ff01644,./scrapes/christian alternative rock/Unbroken.mp3,Unbroken.mp3,Ashes Remain,spotify:artist:0fkTQEEyEyH71i9tDhS7CO
219,modern alternative rock,The Trouble,https://p.scdn.co/mp3-preview/ec90a0e324f1ffc6df79a5e366bb2df89e5a7141?cid=b82fb22d072d4120850c99225ff01644,./scrapes/modern alternative rock/The Trouble.mp3,The Trouble.mp3,Club Danger,spotify:artist:7ei6fqMrGZYiu2SgQXzSkF
220,rap rock,Courtesy Call,https://p.scdn.co/mp3-preview/917fd0cd854e4d355cbc6e18c9183bad5e19370f?cid=b82fb22d072d4120850c99225ff01644,./scrapes/rap rock/Courtesy Call.mp3,Courtesy Call.mp3,Thousand Foot Krutch,spotify:artist:6GfiCQDFYANz5wUkSmb3Dr
221,rap metal,Courtesy Call,https://p.scdn.co/mp3-preview/917fd0cd854e4d355cbc6e18c9183bad5e19370f?cid=b82fb22d072d4120850c99225ff01644,./scrapes/rap metal/Courtesy Call.mp3,Courtesy Call.mp3,Thousand Foot Krutch,spotify:artist:6GfiCQDFYANz5wUkSmb3Dr
222,nu metal,Courtesy Call,https://p.scdn.co/mp3-preview/917fd0cd854e4d355cbc6e18c9183bad5e19370f?cid=b82fb22d072d4120850c99225ff01644,./scrapes/nu metal/Courtesy Call.mp3,Courtesy Call.mp3,Thousand Foot Krutch,spotify:artist:6GfiCQDFYANz5wUkSmb3Dr
223,christian rock,Courtesy Call,https://p.scdn.co/mp3-preview/917fd0cd854e4d355cbc6e18c9183bad5e19370f?cid=b82fb22d072d4120850c99225ff01644,./scrapes/christian rock/Courtesy Call.mp3,Courtesy Call.mp3,Thousand Foot Krutch,spotify:artist:6GfiCQDFYANz5wUkSmb3Dr
224,christian alternative rock,Courtesy Call,https://p.scdn.co/mp3-preview/917fd0cd854e4d355cbc6e18c9183bad5e19370f?cid=b82fb22d072d4120850c99225ff01644,./scrapes/christian alternative rock/Courtesy Call.mp3,Courtesy Call.mp3,Thousand Foot Krutch,spotify:artist:6GfiCQDFYANz5wUkSmb3Dr
225,canadian rock,Courtesy Call,https://p.scdn.co/mp3-preview/917fd0cd854e4d355cbc6e18c9183bad5e19370f?cid=b82fb22d072d4120850c99225ff01644,./scrapes/canadian rock/Courtesy Call.mp3,Courtesy Call.mp3,Thousand Foot Krutch,spotify:artist:6GfiCQDFYANz5wUkSmb3Dr
226,canadian metal,Courtesy Call,https://p.scdn.co/mp3-preview/917fd0cd854e4d355cbc6e18c9183bad5e19370f?cid=b82fb22d072d4120850c99225ff01644,./scrapes/canadian metal/Courtesy Call.mp3,Courtesy Call.mp3,Thousand Foot Krutch,spotify:artist:6GfiCQDFYANz5wUkSmb3Dr
227,canadian ccm,Courtesy Call,https://p.scdn.co/mp3-preview/917fd0cd854e4d355cbc6e18c9183bad5e19370f?cid=b82fb22d072d4120850c99225ff01644,./scrapes/canadian ccm/Courtesy Call.mp3,Courtesy Call.mp3,Thousand Foot Krutch,spotify:artist:6GfiCQDFYANz5wUkSmb3Dr
228,alternative metal,Courtesy Call,https://p.scdn.co/mp3-preview/917fd0cd854e4d355cbc6e18c9183bad5e19370f?cid=b82fb22d072d4120850c99225ff01644,./scrapes/alternative metal/Courtesy Call.mp3,Courtesy Call.mp3,Thousand Foot Krutch,spotify:artist:6GfiCQDFYANz5wUkSmb3Dr
229,christian rock,Keep Me Breathing,https://p.scdn.co/mp3-preview/949a3779d703809730953a0b7d3d43b3963169d9?cid=b82fb22d072d4120850c99225ff01644,./scrapes/christian rock/Keep Me Breathing.mp3,Keep Me Breathing.mp3,Ashes Remain,spotify:artist:0fkTQEEyEyH71i9tDhS7CO
230,christian alternative rock,Keep Me Breathing,https://p.scdn.co/mp3-preview/949a3779d703809730953a0b7d3d43b3963169d9?cid=b82fb22d072d4120850c99225ff01644,./scrapes/christian alternative rock/Keep Me Breathing.mp3,Keep Me Breathing.mp3,Ashes Remain,spotify:artist:0fkTQEEyEyH71i9tDhS7CO
231,christian rock,Unbreakable,https://p.scdn.co/mp3-preview/c5c3251a252472c78170745569e540b7bdfa48ca?cid=b82fb22d072d4120850c99225ff01644,./scrapes/christian rock/Unbreakable.mp3,Unbreakable.mp3,American Arson,spotify:artist:7cl9j0U54gBxbcGO7zXXs2
232,christian hard rock,The In Between,https://p.scdn.co/mp3-preview/4fe93b11f9783f442c2536d44b21e08f7095dd6d?cid=b82fb22d072d4120850c99225ff01644,./scrapes/christian hard rock/The In Between.mp3,The In Between.mp3,Theody,spotify:artist:3zRchZh9lLY41lWJRZw6e5
233,christian rock,Darkness Dies,https://p.scdn.co/mp3-preview/753acb62a615e941750ebd0f05b6fa7298ec81ad?cid=b82fb22d072d4120850c99225ff01644,./scrapes/christian rock/Darkness Dies.mp3,Darkness Dies.mp3,Disciple,spotify:artist:4D9k73VomKTnVQ6ROnt8IO
234,christian music,Darkness Dies,https://p.scdn.co/mp3-preview/753acb62a615e941750ebd0f05b6fa7298ec81ad?cid=b82fb22d072d4120850c99225ff01644,./scrapes/christian music/Darkness Dies.mp3,Darkness Dies.mp3,Disciple,spotify:artist:4D9k73VomKTnVQ6ROnt8IO
235,christian metal,Darkness Dies,https://p.scdn.co/mp3-preview/753acb62a615e941750ebd0f05b6fa7298ec81ad?cid=b82fb22d072d4120850c99225ff01644,./scrapes/christian metal/Darkness Dies.mp3,Darkness Dies.mp3,Disciple,spotify:artist:4D9k73VomKTnVQ6ROnt8IO
236,christian alternative rock,Darkness Dies,https://p.scdn.co/mp3-preview/753acb62a615e941750ebd0f05b6fa7298ec81ad?cid=b82fb22d072d4120850c99225ff01644,./scrapes/christian alternative rock/Darkness Dies.mp3,Darkness Dies.mp3,Disciple,spotify:artist:4D9k73VomKTnVQ6ROnt8IO
237,ccm,Darkness Dies,https://p.scdn.co/mp3-preview/753acb62a615e941750ebd0f05b6fa7298ec81ad?cid=b82fb22d072d4120850c99225ff01644,./scrapes/ccm/Darkness Dies.mp3,Darkness Dies.mp3,Disciple,spotify:artist:4D9k73VomKTnVQ6ROnt8IO
238,christian rock,Whispers in the Dark,https://p.scdn.co/mp3-preview/9e5bc2abb0ed83d1bb32d2c87f3d044c61df131f?cid=b82fb22d072d4120850c99225ff01644,./scrapes/christian rock/Whispers in the Dark.mp3,Whispers in the Dark.mp3,Skillet,spotify:artist:49bzE5vRBRIota4qeHtQM8
239,christian music,Whispers in the Dark,https://p.scdn.co/mp3-preview/9e5bc2abb0ed83d1bb32d2c87f3d044c61df131f?cid=b82fb22d072d4120850c99225ff01644,./scrapes/christian music/Whispers in the Dark.mp3,Whispers in the Dark.mp3,Skillet,spotify:artist:49bzE5vRBRIota4qeHtQM8
240,christian alternative rock,Whispers in the Dark,https://p.scdn.co/mp3-preview/9e5bc2abb0ed83d1bb32d2c87f3d044c61df131f?cid=b82fb22d072d4120850c99225ff01644,./scrapes/christian alternative rock/Whispers in the Dark.mp3,Whispers in the Dark.mp3,Skillet,spotify:artist:49bzE5vRBRIota4qeHtQM8
241,alternative metal,Whispers in the Dark,https://p.scdn.co/mp3-preview/9e5bc2abb0ed83d1bb32d2c87f3d044c61df131f?cid=b82fb22d072d4120850c99225ff01644,./scrapes/alternative metal/Whispers in the Dark.mp3,Whispers in the Dark.mp3,Skillet,spotify:artist:49bzE5vRBRIota4qeHtQM8
242,rap rock,Push,https://p.scdn.co/mp3-preview/c339f5e6b52c06a70d6d50b610adb9e38f9c40d0?cid=b82fb22d072d4120850c99225ff01644,./scrapes/rap rock/Push.mp3,Push.mp3,Thousand Foot Krutch,spotify:artist:6GfiCQDFYANz5wUkSmb3Dr
243,rap metal,Push,https://p.scdn.co/mp3-preview/c339f5e6b52c06a70d6d50b610adb9e38f9c40d0?cid=b82fb22d072d4120850c99225ff01644,./scrapes/rap metal/Push.mp3,Push.mp3,Thousand Foot Krutch,spotify:artist:6GfiCQDFYANz5wUkSmb3Dr
244,nu metal,Push,https://p.scdn.co/mp3-preview/c339f5e6b52c06a70d6d50b610adb9e38f9c40d0?cid=b82fb22d072d4120850c99225ff01644,./scrapes/nu metal/Push.mp3,Push.mp3,Thousand Foot Krutch,spotify:artist:6GfiCQDFYANz5wUkSmb3Dr
245,christian rock,Push,https://p.scdn.co/mp3-preview/c339f5e6b52c06a70d6d50b610adb9e38f9c40d0?cid=b82fb22d072d4120850c99225ff01644,./scrapes/christian rock/Push.mp3,Push.mp3,Thousand Foot Krutch,spotify:artist:6GfiCQDFYANz5wUkSmb3Dr
246,christian alternative rock,Push,https://p.scdn.co/mp3-preview/c339f5e6b52c06a70d6d50b610adb9e38f9c40d0?cid=b82fb22d072d4120850c99225ff01644,./scrapes/christian alternative rock/Push.mp3,Push.mp3,Thousand Foot Krutch,spotify:artist:6GfiCQDFYANz5wUkSmb3Dr
247,canadian rock,Push,https://p.scdn.co/mp3-preview/c339f5e6b52c06a70d6d50b610adb9e38f9c40d0?cid=b82fb22d072d4120850c99225ff01644,./scrapes/canadian rock/Push.mp3,Push.mp3,Thousand Foot Krutch,spotify:artist:6GfiCQDFYANz5wUkSmb3Dr
248,canadian metal,Push,https://p.scdn.co/mp3-preview/c339f5e6b52c06a70d6d50b610adb9e38f9c40d0?cid=b82fb22d072d4120850c99225ff01644,./scrapes/canadian metal/Push.mp3,Push.mp3,Thousand Foot Krutch,spotify:artist:6GfiCQDFYANz5wUkSmb3Dr
249,canadian ccm,Push,https://p.scdn.co/mp3-preview/c339f5e6b52c06a70d6d50b610adb9e38f9c40d0?cid=b82fb22d072d4120850c99225ff01644,./scrapes/canadian ccm/Push.mp3,Push.mp3,Thousand Foot Krutch,spotify:artist:6GfiCQDFYANz5wUkSmb3Dr
250,alternative metal,Push,https://p.scdn.co/mp3-preview/c339f5e6b52c06a70d6d50b610adb9e38f9c40d0?cid=b82fb22d072d4120850c99225ff01644,./scrapes/alternative metal/Push.mp3,Push.mp3,Thousand Foot Krutch,spotify:artist:6GfiCQDFYANz5wUkSmb3Dr
251,post-screamo,Guilty Hands,https://p.scdn.co/mp3-preview/b4a7942c8cf727cfc4f049cd4826432d7c409e10?cid=b82fb22d072d4120850c99225ff01644,./scrapes/post-screamo/Guilty Hands.mp3,Guilty Hands.mp3,Nine Lashes,spotify:artist:6L5kgEyFIlckHbMdRM2KXQ
252,gymcore,Guilty Hands,https://p.scdn.co/mp3-preview/b4a7942c8cf727cfc4f049cd4826432d7c409e10?cid=b82fb22d072d4120850c99225ff01644,./scrapes/gymcore/Guilty Hands.mp3,Guilty Hands.mp3,Nine Lashes,spotify:artist:6L5kgEyFIlckHbMdRM2KXQ
253,christian rock,Guilty Hands,https://p.scdn.co/mp3-preview/b4a7942c8cf727cfc4f049cd4826432d7c409e10?cid=b82fb22d072d4120850c99225ff01644,./scrapes/christian rock/Guilty Hands.mp3,Guilty Hands.mp3,Nine Lashes,spotify:artist:6L5kgEyFIlckHbMdRM2KXQ
254,christian alternative rock,Guilty Hands,https://p.scdn.co/mp3-preview/b4a7942c8cf727cfc4f049cd4826432d7c409e10?cid=b82fb22d072d4120850c99225ff01644,./scrapes/christian alternative rock/Guilty Hands.mp3,Guilty Hands.mp3,Nine Lashes,spotify:artist:6L5kgEyFIlckHbMdRM2KXQ
255,rap rock,All For You,https://p.scdn.co/mp3-preview/33c920869971d11c78f7ad938a48d443d7420177?cid=b82fb22d072d4120850c99225ff01644,./scrapes/rap rock/All For You.mp3,All For You.mp3,Red,spotify:artist:01crEa9G3pNpXZ5m7wuHOk
256,post-grunge,All For You,https://p.scdn.co/mp3-preview/33c920869971d11c78f7ad938a48d443d7420177?cid=b82fb22d072d4120850c99225ff01644,./scrapes/post-grunge/All For You.mp3,All For You.mp3,Red,spotify:artist:01crEa9G3pNpXZ5m7wuHOk
257,nu metal,All For You,https://p.scdn.co/mp3-preview/33c920869971d11c78f7ad938a48d443d7420177?cid=b82fb22d072d4120850c99225ff01644,./scrapes/nu metal/All For You.mp3,All For You.mp3,Red,spotify:artist:01crEa9G3pNpXZ5m7wuHOk
258,christian rock,All For You,https://p.scdn.co/mp3-preview/33c920869971d11c78f7ad938a48d443d7420177?cid=b82fb22d072d4120850c99225ff01644,./scrapes/christian rock/All For You.mp3,All For You.mp3,Red,spotify:artist:01crEa9G3pNpXZ5m7wuHOk
259,christian alternative rock,All For You,https://p.scdn.co/mp3-preview/33c920869971d11c78f7ad938a48d443d7420177?cid=b82fb22d072d4120850c99225ff01644,./scrapes/christian alternative rock/All For You.mp3,All For You.mp3,Red,spotify:artist:01crEa9G3pNpXZ5m7wuHOk
260,alternative metal,All For You,https://p.scdn.co/mp3-preview/33c920869971d11c78f7ad938a48d443d7420177?cid=b82fb22d072d4120850c99225ff01644,./scrapes/alternative metal/All For You.mp3,All For You.mp3,Red,spotify:artist:01crEa9G3pNpXZ5m7wuHOk
261,rap rock,Won't Give Up,https://p.scdn.co/mp3-preview/d48a56f3f102dd972e88b26fd1d6d910ba697814?cid=b82fb22d072d4120850c99225ff01644,./scrapes/rap rock/Won't Give Up.mp3,Won't Give Up.mp3,Manafest,spotify:artist:4uOFEWy9mIcvQbr03IbPcL
262,post-screamo,Won't Give Up,https://p.scdn.co/mp3-preview/d48a56f3f102dd972e88b26fd1d6d910ba697814?cid=b82fb22d072d4120850c99225ff01644,./scrapes/post-screamo/Won't Give Up.mp3,Won't Give Up.mp3,Manafest,spotify:artist:4uOFEWy9mIcvQbr03IbPcL
263,christian rock,Won't Give Up,https://p.scdn.co/mp3-preview/d48a56f3f102dd972e88b26fd1d6d910ba697814?cid=b82fb22d072d4120850c99225ff01644,./scrapes/christian rock/Won't Give Up.mp3,Won't Give Up.mp3,Manafest,spotify:artist:4uOFEWy9mIcvQbr03IbPcL
264,christian music,Won't Give Up,https://p.scdn.co/mp3-preview/d48a56f3f102dd972e88b26fd1d6d910ba697814?cid=b82fb22d072d4120850c99225ff01644,./scrapes/christian music/Won't Give Up.mp3,Won't Give Up.mp3,Manafest,spotify:artist:4uOFEWy9mIcvQbr03IbPcL
265,christian hip hop,Won't Give Up,https://p.scdn.co/mp3-preview/d48a56f3f102dd972e88b26fd1d6d910ba697814?cid=b82fb22d072d4120850c99225ff01644,./scrapes/christian hip hop/Won't Give Up.mp3,Won't Give Up.mp3,Manafest,spotify:artist:4uOFEWy9mIcvQbr03IbPcL
266,christian alternative rock,Won't Give Up,https://p.scdn.co/mp3-preview/d48a56f3f102dd972e88b26fd1d6d910ba697814?cid=b82fb22d072d4120850c99225ff01644,./scrapes/christian alternative rock/Won't Give Up.mp3,Won't Give Up.mp3,Manafest,spotify:artist:4uOFEWy9mIcvQbr03IbPcL
267,christian rock,Feel Invincible,https://p.scdn.co/mp3-preview/f0cf519b1bcb25e35c7cb779ff9bc1ec21646668?cid=b82fb22d072d4120850c99225ff01644,./scrapes/christian rock/Feel Invincible.mp3,Feel Invincible.mp3,Skillet,spotify:artist:49bzE5vRBRIota4qeHtQM8
268,christian music,Feel Invincible,https://p.scdn.co/mp3-preview/f0cf519b1bcb25e35c7cb779ff9bc1ec21646668?cid=b82fb22d072d4120850c99225ff01644,./scrapes/christian music/Feel Invincible.mp3,Feel Invincible.mp3,Skillet,spotify:artist:49bzE5vRBRIota4qeHtQM8
269,christian alternative rock,Feel Invincible,https://p.scdn.co/mp3-preview/f0cf519b1bcb25e35c7cb779ff9bc1ec21646668?cid=b82fb22d072d4120850c99225ff01644,./scrapes/christian alternative rock/Feel Invincible.mp3,Feel Invincible.mp3,Skillet,spotify:artist:49bzE5vRBRIota4qeHtQM8
270,alternative metal,Feel Invincible,https://p.scdn.co/mp3-preview/f0cf519b1bcb25e35c7cb779ff9bc1ec21646668?cid=b82fb22d072d4120850c99225ff01644,./scrapes/alternative metal/Feel Invincible.mp3,Feel Invincible.mp3,Skillet,spotify:artist:49bzE5vRBRIota4qeHtQM8
